query,length,numDigits,numPeriods,numDashes,includesCom,includesNet,includesOrg,includesEdu,includesCdn,includesAds,label
tiles.services.mozilla.com,26,0,3,0,1,0,0,0,0,0,0
tiles.r53-2.services.mozilla.com,32,3,4,1,1,0,0,0,0,0,0
tiles.r53-2.services.mozilla.com,32,3,4,1,1,0,0,0,0,0,0
Jupiter.arl.army.mil,20,0,3,0,0,0,0,0,0,0,0
amazon.com,10,0,1,0,1,0,0,0,0,0,1
amazon.com,10,0,1,0,1,0,0,0,0,0,1
amazon.com,10,0,1,0,1,0,0,0,0,0,1
amazon.com,10,0,1,0,1,0,0,0,0,0,1
amazon.com,10,0,1,0,1,0,0,0,0,0,1
www.amazon.com,14,0,2,0,1,0,0,0,0,0,0
d3ag4hukkh62yn.cloudfront.net,29,4,2,0,0,1,0,0,0,0,0
d3ag4hukkh62yn.cloudfront.net,29,4,2,0,0,1,0,0,0,0,0
d3ag4hukkh62yn.cloudfront.net,29,4,2,0,0,1,0,0,0,0,0
images-na.ssl-images-amazon.com,31,0,2,3,1,0,0,0,0,0,0
c.media-amazon.com,18,0,2,1,1,0,0,0,0,0,0
c.media-amazon.com,18,0,2,1,1,0,0,0,0,0,0
c.media-amazon.com,18,0,2,1,1,0,0,0,0,0,0
fls-na.amazon.com,17,0,2,1,1,0,0,0,0,0,0
endpoint.prod.us-east-1.forester.a2z.com,40,2,5,2,1,0,0,0,0,0,0
endpoint.prod.us-east-1.forester.a2z.com,40,2,5,2,1,0,0,0,0,0,0
endpoint.prod.us-east-1.forester.a2z.com,40,2,5,2,1,0,0,0,0,0,0
endpoint.prod.us-east-1.forester.a2z.com,40,2,5,2,1,0,0,0,0,0,0
m.media-amazon.com,18,0,2,1,1,0,0,0,0,0,0
m.media-amazon.com,18,0,2,1,1,0,0,0,0,0,0
aax-us-east.amazon-adsystem.com,31,0,2,3,1,0,0,0,0,1,0
aax-us-east.amazon-adsystem.com,31,0,2,3,1,0,0,0,0,1,0
aax-us-east.amazon-adsystem.com,31,0,2,3,1,0,0,0,0,1,0
aax-us-east.amazon-adsystem.com,31,0,2,3,1,0,0,0,0,1,0
unagi-na.amazon.com,19,0,2,1,1,0,0,0,0,0,0
unagi-na.amazon.com,19,0,2,1,1,0,0,0,0,0,0
unagi-na.amazon.com,19,0,2,1,1,0,0,0,0,0,0
unagi-na.amazon.com,19,0,2,1,1,0,0,0,0,0,0
unagi-na.amazon.com,19,0,2,1,1,0,0,0,0,0,0
unagi-na.amazon.com,19,0,2,1,1,0,0,0,0,0,0
unagi-na.amazon.com,19,0,2,1,1,0,0,0,0,0,0
s.amazon-adsystem.com,21,0,2,1,1,0,0,0,0,1,0
s.amazon-adsystem.com,21,0,2,1,1,0,0,0,0,1,0
coin.amazonpay.com,18,0,2,0,1,0,0,0,0,0,0
s.amazon-adsystem.com,21,0,2,1,1,0,0,0,0,1,0
coin.amazonpay.com,18,0,2,0,1,0,0,0,0,0,0
coin.amazonpay.com,18,0,2,0,1,0,0,0,0,0,0
coin.amazonpay.com,18,0,2,0,1,0,0,0,0,0,0
coin.amazonpay.com,18,0,2,0,1,0,0,0,0,0,0
coin.amazonpay.com,18,0,2,0,1,0,0,0,0,0,0
coin.amazonpay.com,18,0,2,0,1,0,0,0,0,0,0
bh.contextweb.com,17,0,2,0,1,0,0,0,0,0,0
aa.agkn.com,11,0,2,0,1,0,0,0,0,0,0
prod.contextweb.map.fastlylb.net,32,0,4,0,0,1,0,0,0,0,0
sync.1rx.io,11,1,2,0,0,0,0,0,0,0,0
aa.agkn.com,11,0,2,0,1,0,0,0,0,0,0
prod.contextweb.map.fastlylb.net,32,0,4,0,0,1,0,0,0,0,0
aa.agkn.com,11,0,2,0,1,0,0,0,0,0,0
sync.1rx.io,11,1,2,0,0,0,0,0,0,0,0
aa.agkn.com,11,0,2,0,1,0,0,0,0,0,0
sync.1rx.io,11,1,2,0,0,0,0,0,0,0,0
sync.1rx.io,11,1,2,0,0,0,0,0,0,0,0
x.bidswitch.net,15,0,2,0,0,1,0,0,0,0,0
pixel.advertising.com,21,0,2,0,1,0,0,0,0,0,0
www.imdb.com,12,0,2,0,1,0,0,0,0,0,0
tags.bluekai.com,16,0,2,0,1,0,0,0,0,0,0
analytics.twitter.com,21,0,2,0,1,0,0,0,0,0,0
cms.analytics.yahoo.com,23,0,3,0,1,0,0,0,0,0,0
sync.ipredictive.com,20,0,2,0,1,0,0,0,0,0,0
dpm.demdex.net,14,0,2,0,0,1,0,0,0,0,0
odr.mookie1.com,15,1,2,0,1,0,0,0,0,0,0
sync.search.spotxchange.com,27,0,3,0,1,0,0,0,0,0,0
c1.adform.net,13,1,2,0,0,1,0,0,0,0,0
e13541.x.akamaiedge.net,23,5,3,0,0,1,0,0,0,0,0
us.dd.imdb.com,14,0,3,0,1,0,0,0,0,0,0
s.twitter.com,13,0,2,0,1,0,0,0,0,0,0
us.dd.imdb.com,14,0,3,0,1,0,0,0,0,0,0
e13541.x.akamaiedge.net,23,5,3,0,0,1,0,0,0,0,0
s.twitter.com,13,0,2,0,1,0,0,0,0,0,0
usermatch.krxd.net,18,0,2,0,0,1,0,0,0,0,0
us.dd.imdb.com,14,0,3,0,1,0,0,0,0,0,0
s.twitter.com,13,0,2,0,1,0,0,0,0,0,0
cm.g.doubleclick.net,20,0,3,0,0,1,0,0,0,0,0
x.bidswitch.net,15,0,2,0,0,1,0,0,0,0,0
us-u.openx.net,14,0,2,1,0,1,0,0,0,0,0
odr-712357372.us-east-1.elb.amazonaws.com,41,10,4,3,1,0,0,0,0,0,0
dcs-edge-va6-802167536.us-east-1.elb.amazonaws.com,50,11,4,5,1,0,0,0,0,0,0
usermatch.krxd.net,18,0,2,0,0,1,0,0,0,0,0
odr-712357372.us-east-1.elb.amazonaws.com,41,10,4,3,1,0,0,0,0,0,0
ssum-sec.casalemedia.com,24,0,2,1,1,0,0,0,0,0,0
x.bidswitch.net,15,0,2,0,0,1,0,0,0,0,0
us-u.openx.net,14,0,2,1,0,1,0,0,0,0,0
dcs-edge-va6-802167536.us-east-1.elb.amazonaws.com,50,11,4,5,1,0,0,0,0,0,0
odr-712357372.us-east-1.elb.amazonaws.com,41,10,4,3,1,0,0,0,0,0,0
x.bidswitch.net,15,0,2,0,0,1,0,0,0,0,0
dcs-edge-va6-802167536.us-east-1.elb.amazonaws.com,50,11,4,5,1,0,0,0,0,0,0
ib.adnxs.com,12,0,2,0,1,0,0,0,0,0,0
token.rubiconproject.com,24,0,2,0,1,0,0,0,0,0,0
dcs-edge-va6-802167536.us-east-1.elb.amazonaws.com,50,11,4,5,1,0,0,0,0,0,0
www.facebook.com,16,0,2,0,1,0,0,0,0,0,0
ads.yahoo.com,13,0,2,0,1,0,0,0,0,1,0
image5.pubmatic.com,19,1,2,0,1,0,0,0,0,0,0
googleads.g.doubleclick.net,27,0,3,0,0,1,0,0,0,1,0
trc.taboola.com,15,0,2,0,1,0,0,0,0,0,0
sync.ipredictive.com,20,0,2,0,1,0,0,0,0,0,0
spcms-global.pbp.gysm.yahoodns.net,34,0,4,1,0,1,0,0,0,0,0
den01.sync.search.spotxchange.com,33,2,4,0,1,0,0,0,0,0,0
sync.ipredictive.com,20,0,2,0,1,0,0,0,0,0,0
sync.ipredictive.com,20,0,2,0,1,0,0,0,0,0,0
spcms-global.pbp.gysm.yahoodns.net,34,0,4,1,0,1,0,0,0,0,0
den01.sync.search.spotxchange.com,33,2,4,0,1,0,0,0,0,0,0
spcms-global.pbp.gysm.yahoodns.net,34,0,4,1,0,1,0,0,0,0,0
track-us.adformnet.akadns.net,29,0,3,1,0,1,0,0,0,0,0
den01.sync.search.spotxchange.com,33,2,4,0,1,0,0,0,0,0,0
track-us.adformnet.akadns.net,29,0,3,1,0,1,0,0,0,0,0
dmp-pixel.aolp-prd.public.aol.com,33,0,4,2,1,0,0,0,0,0,0
dmp-pixel.aolp-prd.public.aol.com,33,0,4,2,1,0,0,0,0,0,0
track-us.adformnet.akadns.net,29,0,3,1,0,1,0,0,0,0,0
usermatch-ash-1350078884.us-east-1.elb.amazonaws.com,52,11,4,4,1,0,0,0,0,0,0
usermatch-ash-1350078884.us-east-1.elb.amazonaws.com,52,11,4,4,1,0,0,0,0,0,0
pagead.l.doubleclick.net,24,0,3,0,0,1,0,0,0,0,0
dmp-pixel.aolp-prd.public.aol.com,33,0,4,2,1,0,0,0,0,0,0
track-us.adformnet.akadns.net,29,0,3,1,0,1,0,0,0,0,0
pagead.l.doubleclick.net,24,0,3,0,0,1,0,0,0,0,0
e8037.g.akamaiedge.net,22,4,3,0,0,1,0,0,0,0,0
us-u.openx.net,14,0,2,1,0,1,0,0,0,0,0
us-u.openx.net,14,0,2,1,0,1,0,0,0,0,0
e8037.g.akamaiedge.net,22,4,3,0,0,1,0,0,0,0,0
ib.anycast.adnxs.com,20,0,3,0,1,0,0,0,0,0,0
perf-token.rubiconproject.net.akadns.net,40,0,4,1,0,1,0,0,0,0,0
star-mini.c10r.facebook.com,27,2,3,1,1,0,0,0,0,0,0
ib.anycast.adnxs.com,20,0,3,0,1,0,0,0,0,0,0
star-mini.c10r.facebook.com,27,2,3,1,1,0,0,0,0,0,0
fo-fd-world-new.yax.gysm.yahoodns.net,37,0,4,3,0,1,0,0,0,0,0
perf-token.rubiconproject.net.akadns.net,40,0,4,1,0,1,0,0,0,0,0
e6603.g.akamaiedge.net,22,4,3,0,0,1,0,0,0,0,0
fo-fd-world-new.yax.gysm.yahoodns.net,37,0,4,3,0,1,0,0,0,0,0
e6603.g.akamaiedge.net,22,4,3,0,0,1,0,0,0,0,0
pagead46.l.doubleclick.net,26,2,3,0,0,1,0,0,0,0,0
f2.taboola.map.fastly.net,25,1,4,0,0,1,0,0,0,0,0
f2.taboola.map.fastly.net,25,1,4,0,0,1,0,0,0,0,0
perf-token.rubiconproject.net.akadns.net,40,0,4,1,0,1,0,0,0,0,0
fo-fd-world-new.yax.gysm.yahoodns.net,37,0,4,3,0,1,0,0,0,0,0
f2.taboola.map.fastly.net,25,1,4,0,0,1,0,0,0,0,0
cvp.twitch.tv,13,0,2,0,0,0,0,0,0,0,0
cvp.twitch.tv,13,0,2,0,0,0,0,0,0,0,0
e9221.i.akamaiedge.net,22,4,3,0,0,1,0,0,0,0,0
e9221.i.akamaiedge.net,22,4,3,0,0,1,0,0,0,0,0
e9221.i.akamaiedge.net,22,4,3,0,0,1,0,0,0,0,0
d.agkn.com,10,0,2,0,1,0,0,0,0,0,0
tag-terraform-elb-1234523141.us-west-2.elb.amazonaws.com,56,11,4,5,1,0,0,0,0,0,0
match.adsrvr.org,16,0,2,0,0,0,1,0,0,1,0
tag-terraform-elb-1234523141.us-west-2.elb.amazonaws.com,56,11,4,5,1,0,0,0,0,0,0
match-975362022.us-east-1.elb.amazonaws.com,43,10,4,3,1,0,0,0,0,0,0
match-975362022.us-east-1.elb.amazonaws.com,43,10,4,3,1,0,0,0,0,0,0
beacon.krxd.net,15,0,2,0,0,1,0,0,0,0,0
beacon-17-537698933.us-east-1.elb.amazonaws.com,47,12,4,4,1,0,0,0,0,0,0
beacon-17-537698933.us-east-1.elb.amazonaws.com,47,12,4,4,1,0,0,0,0,0,0
www.google.com,14,0,2,0,1,0,0,0,0,0,0
www.google.com,14,0,2,0,1,0,0,0,0,0,0
google.com,10,0,1,0,1,0,0,0,0,0,1
google.com,10,0,1,0,1,0,0,0,0,0,1
google.com,10,0,1,0,1,0,0,0,0,0,1
google.com,10,0,1,0,1,0,0,0,0,0,1
d3ag4hukkh62yn.cloudfront.net,29,4,2,0,0,1,0,0,0,0,0
completion.amazon.com,21,0,2,0,1,0,0,0,0,0,0
completion.amazon.com,21,0,2,0,1,0,0,0,0,0,0
completion.amazon.com,21,0,2,0,1,0,0,0,0,0,0
completion.amazon.com,21,0,2,0,1,0,0,0,0,0,0
ssl.gstatic.com,15,0,2,0,1,0,0,0,0,0,0
ssl.gstatic.com,15,0,2,0,1,0,0,0,0,0,0
www.gstatic.com,15,0,2,0,1,0,0,0,0,0,0
apis.google.com,15,0,2,0,1,0,0,0,0,0,0
plus.l.google.com,17,0,3,0,1,0,0,0,0,0,0
adservice.google.com,20,0,2,0,1,0,0,0,0,1,0
Jupiter.arl.army.mil,20,0,3,0,0,0,0,0,0,0,0
cnn.com,7,0,1,0,1,0,0,0,0,0,1
cnn.com,7,0,1,0,1,0,0,0,0,0,1
cnn.com,7,0,1,0,1,0,0,0,0,0,1
cnn.com,7,0,1,0,1,0,0,0,0,0,1
www.cnn.com,11,0,2,0,1,0,0,0,0,0,0
cnn.com,7,0,1,0,1,0,0,0,0,0,1
www.cnn.com,11,0,2,0,1,0,0,0,0,0,0
turner-tls.map.fastly.net,25,0,3,1,0,1,0,0,0,0,0
turner-tls.map.fastly.net,25,0,3,1,0,1,0,0,0,0,0
turner-tls.map.fastly.net,25,0,3,1,0,1,0,0,0,0,0
cdn.optimizely.com,18,0,2,0,1,0,0,0,1,0,0
cdn.cnn.com,11,0,2,0,1,0,0,0,1,0,0
cdn.optimizely.com,18,0,2,0,1,0,0,0,1,0,0
e12596.dscj.akamaiedge.net,26,5,3,0,0,1,0,0,0,0,0
e12596.dscj.akamaiedge.net,26,5,3,0,0,1,0,0,0,0,0
native.sharethrough.com,23,0,2,0,1,0,0,0,0,0,0
cdn.optimizely.com,18,0,2,0,1,0,0,0,1,0,0
static.chartbeat.com,20,0,2,0,1,0,0,0,0,0,0
cdn.cookielaw.org,17,0,2,0,0,0,1,0,1,0,0
e12596.dscj.akamaiedge.net,26,5,3,0,0,1,0,0,0,0,0
tru.am,6,0,1,0,0,0,0,0,0,0,0
native.sharethrough.com,23,0,2,0,1,0,0,0,0,0,0
static.chartbeat.com,20,0,2,0,1,0,0,0,0,0,0
cdn.optimizely.com,18,0,2,0,1,0,0,0,1,0,0
tru.am,6,0,1,0,0,0,0,0,0,0,0
d3f7zc5bbfci5.cloudfront.net,28,4,2,0,0,1,0,0,0,0,0
tru.am,6,0,1,0,0,0,0,0,0,0,0
cdn.cookielaw.org,17,0,2,0,0,0,1,0,1,0,0
cdn.optimizely.com,18,0,2,0,1,0,0,0,1,0,0
tru.am,6,0,1,0,0,0,0,0,0,0,0
d3f7zc5bbfci5.cloudfront.net,28,4,2,0,0,1,0,0,0,0,0
native.sharethrough.com,23,0,2,0,1,0,0,0,0,0,0
native.sharethrough.com,23,0,2,0,1,0,0,0,0,0,0
sa437gl.wpc.kappacdn.net,24,3,3,0,0,1,0,0,1,0,0
sa437gl.wpc.kappacdn.net,24,3,3,0,0,1,0,0,1,0,0
d3f7zc5bbfci5.cloudfront.net,28,4,2,0,0,1,0,0,0,0,0
native.sharethrough.com,23,0,2,0,1,0,0,0,0,0,0
sa437gl.wpc.kappacdn.net,24,3,3,0,0,1,0,0,1,0,0
js-sec.indexww.com,18,0,2,1,1,0,0,0,0,0,0
e8037.g.akamaiedge.net,22,4,3,0,0,1,0,0,0,0,0
e8037.g.akamaiedge.net,22,4,3,0,0,1,0,0,0,0,0
static.criteo.net,17,0,2,0,0,1,0,0,0,0,0
static.criteo.net,17,0,2,0,0,1,0,0,0,0,0
static.criteo.net,17,0,2,0,0,1,0,0,0,0,0
www.ugdturner.com,17,0,2,0,1,0,0,0,0,0,0
www.googletagservices.com,25,0,2,0,1,0,0,0,0,0,0
www.ugdturner.com,17,0,2,0,1,0,0,0,0,0,0
i.cdn.turner.com,16,0,3,0,1,0,0,0,1,0,0
ugdturner.com,13,0,1,0,1,0,0,0,0,0,0
ugdturner.com,13,0,1,0,1,0,0,0,0,0,0
i.cdn.turner.com,16,0,3,0,1,0,0,0,1,0,0
ugdturner.com,13,0,1,0,1,0,0,0,0,0,0
c.amazon-adsystem.com,21,0,2,1,1,0,0,0,0,1,0
d1ykf07e75w7ss.cloudfront.net,29,6,2,0,0,1,0,0,0,0,0
cdn.krxd.net,12,0,2,0,0,1,0,0,1,0,0
d1ykf07e75w7ss.cloudfront.net,29,6,2,0,0,1,0,0,0,0,0
cdn-fastly.krxd.net.c.global-ssl.fastly.net,43,0,6,2,0,1,0,0,1,0,0
cdn-fastly.krxd.net.c.global-ssl.fastly.net,43,0,6,2,0,1,0,0,1,0,0
cdn-fastly.krxd.net.c.global-ssl.fastly.net,43,0,6,2,0,1,0,0,1,0,0
cdn3.optimizely.com,19,1,2,0,1,0,0,0,1,0,0
cdn3.optimizely.com,19,1,2,0,1,0,0,0,1,0,0
cdn3.optimizely.com,19,1,2,0,1,0,0,0,1,0,0
cdn3.optimizely.com,19,1,2,0,1,0,0,0,1,0,0
e6640.g.akamaiedge.net,22,4,3,0,0,1,0,0,0,0,0
e6640.g.akamaiedge.net,22,4,3,0,0,1,0,0,0,0,0
e6640.g.akamaiedge.net,22,4,3,0,0,1,0,0,0,0,0
www.i.cdn.cnn.com,17,0,4,0,1,0,0,0,1,0,0
bat.bing.com,12,0,2,0,1,0,0,0,0,0,0
tag.bounceexchange.com,22,0,2,0,1,0,0,0,0,0,0
a-0001.a-msedge.net,19,4,2,2,0,1,0,0,0,0,0
amplify.outbrain.com,20,0,2,0,1,0,0,0,0,0,0
a-0001.a-msedge.net,19,4,2,2,0,1,0,0,0,0,0
nexus.ensighten.com,19,0,2,0,1,0,0,0,0,0,0
static.ads-twitter.com,22,0,2,1,1,0,0,0,0,1,0
geolocation.onetrust.com,24,0,2,0,1,0,0,0,0,0,0
tag.bouncex.net,15,0,2,0,0,1,0,0,0,0,0
p.static.ads-twitter.com,24,0,3,1,1,0,0,0,0,1,0
p.static.ads-twitter.com,24,0,3,1,1,0,0,0,0,1,0
tag.bouncex.net,15,0,2,0,0,1,0,0,0,0,0
amplify.outbrain.com,20,0,2,0,1,0,0,0,0,0,0
nexus.ensighten.com,19,0,2,0,1,0,0,0,0,0,0
geolocation.onetrust.com,24,0,2,0,1,0,0,0,0,0,0
p.static.ads-twitter.com,24,0,3,1,1,0,0,0,0,1,0
tag.bouncex.net,15,0,2,0,0,1,0,0,0,0,0
e10883.g.akamaiedge.net,23,5,3,0,0,1,0,0,0,0,0
a125375509.cdn.optimizely.com,29,9,3,0,1,0,0,0,1,0,0
nexus-us-west-1c-1611657783.us-west-1.elb.amazonaws.com,55,12,4,6,1,0,0,0,0,0,0
waws-prod-blu-103.cloudapp.net,30,3,2,3,0,1,0,0,0,0,0
e10883.g.akamaiedge.net,23,5,3,0,0,1,0,0,0,0,0
nexus-us-west-1c-1611657783.us-west-1.elb.amazonaws.com,55,12,4,6,1,0,0,0,0,0,0
a125375509.cdn.optimizely.com,29,9,3,0,1,0,0,0,1,0,0
waws-prod-blu-103.cloudapp.net,30,3,2,3,0,1,0,0,0,0,0
waws-prod-blu-103.cloudapp.net,30,3,2,3,0,1,0,0,0,0,0
e4343.g.akamaiedge.net,22,4,3,0,0,1,0,0,0,0,0
e4343.g.akamaiedge.net,22,4,3,0,0,1,0,0,0,0,0
nexus-us-west-1c-1611657783.us-west-1.elb.amazonaws.com,55,12,4,6,1,0,0,0,0,0,0
waws-prod-blu-103.cloudapp.net,30,3,2,3,0,1,0,0,0,0,0
cdn.livefyre.com,16,0,2,0,1,0,0,0,1,0,0
cdn.livefyre.com,16,0,2,0,1,0,0,0,1,0,0
d83fhchenkrky.cloudfront.net,28,2,2,0,0,1,0,0,0,0,0
d83fhchenkrky.cloudfront.net,28,2,2,0,0,1,0,0,0,0,0
d83fhchenkrky.cloudfront.net,28,2,2,0,0,1,0,0,0,0,0
logx.optimizely.com,19,0,2,0,1,0,0,0,0,0,0
p13nlog-1106815646.us-east-1.elb.amazonaws.com,46,13,4,3,1,0,0,0,0,0,0
p13nlog-1106815646.us-east-1.elb.amazonaws.com,46,13,4,3,1,0,0,0,0,0,0
p13nlog-1106815646.us-east-1.elb.amazonaws.com,46,13,4,3,1,0,0,0,0,0,0
aax.amazon-adsystem.com,23,0,2,1,1,0,0,0,0,1,0
aax-us-east.amazon-adsystem.com,31,0,2,3,1,0,0,0,0,1,0
aax-us-east.amazon-adsystem.com,31,0,2,3,1,0,0,0,0,1,0
securepubads.g.doubleclick.net,30,0,3,0,0,1,0,0,0,1,0
partnerad.l.doubleclick.net,27,0,3,0,0,1,0,0,0,0,0
partnerad.l.doubleclick.net,27,0,3,0,0,1,0,0,0,0,0
tr.outbrain.com,15,0,2,0,1,0,0,0,0,0,0
amplifypixel.outbrain.com,25,0,2,0,1,0,0,0,0,0,0
prod.outbrain.map.fastlylb.net,30,0,4,0,0,1,0,0,0,0,0
prod.outbrain.map.fastlylb.net,30,0,4,0,0,1,0,0,0,0,0
nydc1.outbrain.org,18,1,2,0,0,0,1,0,0,0,0
nydc1.outbrain.org,18,1,2,0,0,0,1,0,0,0,0
dev-cronkite.api.cnnlabs.io,27,0,3,1,0,0,0,0,0,0,0
dev-cronkite.api.cnnlabs.io,27,0,3,1,0,0,0,0,0,0,0
k8s-1538953363254832517-137686826.us-east-1.elb.amazonaws.com,61,30,4,4,1,0,0,0,0,0,0
k8s-1538953363254832517-137686826.us-east-1.elb.amazonaws.com,61,30,4,4,1,0,0,0,0,0,0
k8s-1538953363254832517-137686826.us-east-1.elb.amazonaws.com,61,30,4,4,1,0,0,0,0,0,0
k8s-1538953363254832517-137686826.us-east-1.elb.amazonaws.com,61,30,4,4,1,0,0,0,0,0,0
img.bleacherreport.net,22,0,2,0,0,1,0,0,0,0,0
f.ssl.fastly.net,16,0,3,0,0,1,0,0,0,0,0
f.ssl.fastly.net,16,0,3,0,0,1,0,0,0,0,0
podcasts.cnn.net,16,0,2,0,0,1,0,0,0,0,0
e12596.dscd.akamaiedge.net,26,5,3,0,0,1,0,0,0,0,0
e12596.dscd.akamaiedge.net,26,5,3,0,0,1,0,0,0,0,0
f.ssl.fastly.net,16,0,3,0,0,1,0,0,0,0,0
e12596.dscd.akamaiedge.net,26,5,3,0,0,1,0,0,0,0,0
widgets.outbrain.com,20,0,2,0,1,0,0,0,0,0,0
data.cnn.com,12,0,2,0,1,0,0,0,0,0,0
cdn.onesignal.com,17,0,2,0,1,0,0,0,1,0,0
e10883.g.akamaiedge.net,23,5,3,0,0,1,0,0,0,0,0
cdn.onesignal.com,17,0,2,0,1,0,0,0,1,0,0
cdn.onesignal.com,17,0,2,0,1,0,0,0,1,0,0
secure-us.imrworldwide.com,26,0,2,1,1,0,0,0,0,0,0
census.us-east-1.nielsencollections.com,39,1,3,2,1,0,0,0,0,0,0
census.us-east-1.nielsencollections.com,39,1,3,2,1,0,0,0,0,0,0
smetrics.cnn.com,16,0,2,0,1,0,0,0,0,0,0
cnn.com.102.122.2o7.net,23,8,5,0,1,1,0,0,0,0,0
cnn.com.102.122.2o7.net,23,8,5,0,1,1,0,0,0,0,0
cnn.com.102.122.2o7.net,23,8,5,0,1,1,0,0,0,0,0
cdns.gigya.com,14,0,2,0,1,0,0,0,1,0,0
cdns.gigya.com,14,0,2,0,1,0,0,0,1,0,0
e8333.g.akamaiedge.net,22,4,3,0,0,1,0,0,0,0,0
e8333.g.akamaiedge.net,22,4,3,0,0,1,0,0,0,0,0
e8333.g.akamaiedge.net,22,4,3,0,0,1,0,0,0,0,0
assets.bounceexchange.com,25,0,2,0,1,0,0,0,0,0,0
dw6gonse2zdus.cloudfront.net,28,2,2,0,0,1,0,0,0,0,0
dw6gonse2zdus.cloudfront.net,28,2,2,0,0,1,0,0,0,0,0
dw6gonse2zdus.cloudfront.net,28,2,2,0,0,1,0,0,0,0,0
facebook.com,12,0,1,0,1,0,0,0,0,0,1
facebook.com,12,0,1,0,1,0,0,0,0,0,1
facebook.com,12,0,1,0,1,0,0,0,0,0,1
facebook.com,12,0,1,0,1,0,0,0,0,0,1
facebook.com,12,0,1,0,1,0,0,0,0,0,1
www.google-analytics.com,24,0,2,1,1,0,0,0,0,0,0
www-google-analytics.l.google.com,33,0,3,2,1,0,0,0,0,0,0
www-google-analytics.l.google.com,33,0,3,2,1,0,0,0,0,0,0
code.jquery.com,15,0,2,0,1,0,0,0,0,0,0
cds.s5x3j6q5.hwcdn.net,22,4,3,0,0,1,0,0,1,0,0
cds.s5x3j6q5.hwcdn.net,22,4,3,0,0,1,0,0,1,0,0
cdn3.optimizely.com,19,1,2,0,1,0,0,0,1,0,0
mab.chartbeat.com,17,0,2,0,1,0,0,0,0,0,0
cdn3.optimizely.com,19,1,2,0,1,0,0,0,1,0,0
e6640.g.akamaiedge.net,22,4,3,0,0,1,0,0,0,0,0
mab.chartbeat.com,17,0,2,0,1,0,0,0,0,0,0
e6640.g.akamaiedge.net,22,4,3,0,0,1,0,0,0,0,0
dualstack.f6.shared.global.fastly.net,37,1,5,0,0,1,0,0,0,0,0
dualstack.f6.shared.global.fastly.net,37,1,5,0,0,1,0,0,0,0,0
dualstack.f6.shared.global.fastly.net,37,1,5,0,0,1,0,0,0,0,0
www.facebook.com,16,0,2,0,1,0,0,0,0,0,0
star-mini.c10r.facebook.com,27,2,3,1,1,0,0,0,0,0,0
w.usabilla.com,14,0,2,0,1,0,0,0,0,0,0
dualstack.f6.shared.global.fastly.net,37,1,5,0,0,1,0,0,0,0,0
w.usabilla.com,14,0,2,0,1,0,0,0,0,0,0
p13nlog-1106815646.us-east-1.elb.amazonaws.com,46,13,4,3,1,0,0,0,0,0,0
w.usabilla.com,14,0,2,0,1,0,0,0,0,0,0
w.usabilla.com,14,0,2,0,1,0,0,0,0,0,0
w.usabilla.com,14,0,2,0,1,0,0,0,0,0,0
t.co,4,0,1,0,0,0,0,0,0,0,0
stats.g.doubleclick.net,23,0,3,0,0,1,0,0,0,0,0
stats.l.doubleclick.net,23,0,3,0,0,1,0,0,0,0,0
stats.l.doubleclick.net,23,0,3,0,0,1,0,0,0,0,0
t.co,4,0,1,0,0,0,0,0,0,0,0
t.co,4,0,1,0,0,0,0,0,0,0,0
stats.l.doubleclick.net,23,0,3,0,0,1,0,0,0,0,0
t.co,4,0,1,0,0,0,0,0,0,0,0
www.summerhamster.com,21,0,2,0,1,0,0,0,0,0,0
bc.pdx.sp-prod.net,18,0,3,1,0,1,0,0,0,0,0
bc.pdx.sp-prod.net,18,0,3,1,0,1,0,0,0,0,0
bc.pdx.sp-prod.net,18,0,3,1,0,1,0,0,0,0,0
static.xx.fbcdn.net,19,0,3,0,0,1,0,0,1,0,0
scontent.xx.fbcdn.net,21,0,3,0,0,1,0,0,1,0,0
scontent.xx.fbcdn.net,21,0,3,0,0,1,0,0,1,0,0
scontent-iad3-1.xx.fbcdn.net,28,2,3,2,0,1,0,0,1,0,0
scontent-iad3-1.xx.fbcdn.net,28,2,3,2,0,1,0,0,1,0,0
scontent-iad3-1.xx.fbcdn.net,28,2,3,2,0,1,0,0,1,0,0
yahoo.com,9,0,1,0,1,0,0,0,0,0,1
yahoo.com,9,0,1,0,1,0,0,0,0,0,1
yahoo.com,9,0,1,0,1,0,0,0,0,0,1
www.yahoo.com,13,0,2,0,1,0,0,0,0,0,1
atsv2-fp-shed.wg1.b.yahoo.com,29,2,4,2,1,0,0,0,0,0,0
atsv2-fp-shed.wg1.b.yahoo.com,29,2,4,2,1,0,0,0,0,0,0
star-mini.c10r.facebook.com,27,2,3,1,1,0,0,0,0,0,0
star-mini.c10r.facebook.com,27,2,3,1,1,0,0,0,0,0,0
s.yimg.com,10,0,2,0,1,0,0,0,0,0,0
search.yahoo.com,16,0,2,0,1,0,0,0,0,0,0
csc.beap.bc.yahoo.com,21,0,4,0,1,0,0,0,0,0,0
ds-global3.l7.search.ystg1.b.yahoo.com,38,3,6,1,1,0,0,0,0,0,0
ds-global3.l7.search.ystg1.b.yahoo.com,38,3,6,1,1,0,0,0,0,0,0
geo.yahoo.com,13,0,2,0,1,0,0,0,0,0,0
s.yimg.com,10,0,2,0,1,0,0,0,0,0,0
fam-geo-atsv2.prod.media.g03.yahoodns.net,41,3,5,2,0,1,0,0,0,0,0
beapcsc1.ysm.yahoodns.net,25,1,3,0,0,1,0,0,0,0,0
fam-geo-atsv2.prod.media.g03.yahoodns.net,41,3,5,2,0,1,0,0,0,0,0
beapcsc1.ysm.yahoodns.net,25,1,3,0,0,1,0,0,0,0,0
s.gycs.b.yahoodns.net,21,0,4,0,0,1,0,0,0,0,0
s.gycs.b.yahoodns.net,21,0,4,0,0,1,0,0,0,0,0
fam-geo-atsv2.prod.media.g03.yahoodns.net,41,3,5,2,0,1,0,0,0,0,0
beapcsc1.ysm.yahoodns.net,25,1,3,0,0,1,0,0,0,0,0
video-api.yql.yahoo.com,23,0,3,1,1,0,0,0,0,0,0
fam-geo-atsv2.prod.media.g03.yahoodns.net,41,3,5,2,0,1,0,0,0,0,0
geoycpi-uno.gycpi.b.yahoodns.net,32,0,4,1,0,1,0,0,0,0,0
geoycpi-uno.gycpi.b.yahoodns.net,32,0,4,1,0,1,0,0,0,0,0
s3.yimg.com,11,1,2,0,1,0,0,0,0,0,0
s1.yimg.com,11,1,2,0,1,0,0,0,0,0,0
Jupiter.arl.army.mil,20,0,3,0,0,0,0,0,0,0,0
guce.yahoo.com,14,0,2,0,1,0,0,0,0,0,0
prod-rotation-v2.guce.aws.oath.cloud,36,1,4,2,0,0,0,0,0,0,0
prod-rotation-v2.guce.aws.oath.cloud,36,1,4,2,0,0,0,0,0,0,0
ocsp.digicert.com,17,0,2,0,1,0,0,0,0,0,0
cs9.wac.phicdn.net,18,1,3,0,0,1,0,0,1,0,0
us.y.atwola.com,15,0,3,0,1,0,0,0,0,0,0
cs698.wac.thetacdn.net,22,3,3,0,0,1,0,0,1,0,0
cs698.wac.thetacdn.net,22,3,3,0,0,1,0,0,1,0,0
ganon.yahoo.com,15,0,2,0,1,0,0,0,0,0,0
ganon.yahoo.com,15,0,2,0,1,0,0,0,0,0,0
udc.yahoo.com,13,0,2,0,1,0,0,0,0,0,0
ds-geoycpi-uno-lite.gycpi.b.yahoodns.net,40,0,4,3,0,1,0,0,0,0,0
ds-geoycpi-uno-lite.gycpi.b.yahoodns.net,40,0,4,3,0,1,0,0,0,0,0
aka-cdn.adtechus.com,20,0,2,1,1,0,0,0,1,0,0
cs696.wac.thetacdn.net,22,3,3,0,0,1,0,0,1,0,0
cs696.wac.thetacdn.net,22,3,3,0,0,1,0,0,1,0,0
secure.insightexpressai.com,27,0,2,0,1,0,0,0,0,0,0
e7876.dscg.akamaiedge.net,25,4,3,0,0,1,0,0,0,0,0
e7876.dscg.akamaiedge.net,25,4,3,0,0,1,0,0,0,0,0
pixel.adsafeprotected.com,25,0,2,0,1,0,0,0,0,1,0
anycast.pixel.adsafeprotected.com,33,0,3,0,1,0,0,0,0,1,0
anycast.pixel.adsafeprotected.com,33,0,3,0,1,0,0,0,0,1,0
wikipedia.org,13,0,1,0,0,0,1,0,0,0,1
wikipedia.org,13,0,1,0,0,0,1,0,0,0,1
wikipedia.org,13,0,1,0,0,0,1,0,0,0,1
wikipedia.org,13,0,1,0,0,0,1,0,0,0,1
wikipedia.org,13,0,1,0,0,0,1,0,0,0,1
wikipedia.org,13,0,1,0,0,0,1,0,0,0,1
www.wikipedia.org,17,0,2,0,0,0,1,0,0,0,0
www.wikipedia.org,17,0,2,0,0,0,1,0,0,0,0
www.yahoo.com,13,0,2,0,1,0,0,0,0,0,0
www.yahoo.com,13,0,2,0,1,0,0,0,0,0,0
atsv2-fp-shed.wg1.b.yahoo.com,29,2,4,2,1,0,0,0,0,0,0
upload.wikimedia.org,20,0,2,0,0,0,1,0,0,0,0
upload.wikimedia.org,20,0,2,0,0,0,1,0,0,0,0
upload.wikimedia.org,20,0,2,0,0,0,1,0,0,0,0
upload.wikimedia.org,20,0,2,0,0,0,1,0,0,0,0
secure.insightexpressai.com,27,0,2,0,1,0,0,0,0,0,0
e7876.dscg.akamaiedge.net,25,4,3,0,0,1,0,0,0,0,0
e7876.dscg.akamaiedge.net,25,4,3,0,0,1,0,0,0,0,0
msnbc.com,9,0,1,0,1,0,0,0,0,0,1
msnbc.com,9,0,1,0,1,0,0,0,0,0,1
msnbc.com,9,0,1,0,1,0,0,0,0,0,1
msnbc.com,9,0,1,0,1,0,0,0,0,0,1
msnbc.com,9,0,1,0,1,0,0,0,0,0,1
msnbc.com,9,0,1,0,1,0,0,0,0,0,1
www.msnbc.com,13,0,2,0,1,0,0,0,0,0,0
www.msnbc.com,13,0,2,0,1,0,0,0,0,0,0
e8169.dscb.akamaiedge.net,25,4,3,0,0,1,0,0,0,0,0
e8169.dscb.akamaiedge.net,25,4,3,0,0,1,0,0,0,0,0
e8169.dscb.akamaiedge.net,25,4,3,0,0,1,0,0,0,0,0
ndassets.s-nbcnews.com,22,0,2,1,1,0,0,0,0,0,0
c.betrad.com,12,0,2,0,1,0,0,0,0,0,0
e5413.g.akamaiedge.net,22,4,3,0,0,1,0,0,0,0,0
e5413.g.akamaiedge.net,22,4,3,0,0,1,0,0,0,0,0
ndassets.s-nbcnews.com,22,0,2,1,1,0,0,0,0,0,0
assets.adobedtm.com,19,0,2,0,1,0,0,0,0,0,0
assets.adobedtm.com,19,0,2,0,1,0,0,0,0,0,0
e7808.g.akamaiedge.net,22,4,3,0,0,1,0,0,0,0,0
e7808.g.akamaiedge.net,22,4,3,0,0,1,0,0,0,0,0
e2589.f.akamaiedge.net,22,4,3,0,0,1,0,0,0,0,0
e2589.f.akamaiedge.net,22,4,3,0,0,1,0,0,0,0,0
e7808.g.akamaiedge.net,22,4,3,0,0,1,0,0,0,0,0
e2589.f.akamaiedge.net,22,4,3,0,0,1,0,0,0,0,0
nodeassets.nbcnews.com,22,0,2,0,1,0,0,0,0,0,0
nodeassets.nbcnews.com,22,0,2,0,1,0,0,0,0,0,0
e9478.g.akamaiedge.net,22,4,3,0,0,1,0,0,0,0,0
e9478.g.akamaiedge.net,22,4,3,0,0,1,0,0,0,0,0
e9478.g.akamaiedge.net,22,4,3,0,0,1,0,0,0,0,0
d1z2jf7jlzjs58.cloudfront.net,29,5,2,0,0,1,0,0,0,0,0
d1z2jf7jlzjs58.cloudfront.net,29,5,2,0,0,1,0,0,0,0,0
d1z2jf7jlzjs58.cloudfront.net,29,5,2,0,0,1,0,0,0,0,0
d1z2jf7jlzjs58.cloudfront.net,29,5,2,0,0,1,0,0,0,0,0
dpm.demdex.net,14,0,2,0,0,1,0,0,0,0,0
dcs-edge-va6-802167536.us-east-1.elb.amazonaws.com,50,11,4,5,1,0,0,0,0,0,0
dcs-edge-va6-802167536.us-east-1.elb.amazonaws.com,50,11,4,5,1,0,0,0,0,0,0
dcs-edge-va6-802167536.us-east-1.elb.amazonaws.com,50,11,4,5,1,0,0,0,0,0,0
cdn.dynamicyield.com,20,0,2,0,1,0,0,0,1,0,0
cdn.dynamicyield.com,20,0,2,0,1,0,0,0,1,0,0
cdn-v3.conductrics.com,22,1,2,1,1,0,0,0,1,0,0
cdn-v3.conductrics.com,22,1,2,1,1,0,0,0,1,0,0
cdn-v3.conductrics.com,22,1,2,1,1,0,0,0,1,0,0
cdn-v3.conductrics.com,22,1,2,1,1,0,0,0,1,0,0
prod.cdn.dynamicyield.com.cdn.cloudflare.net,44,0,6,0,1,1,0,0,1,0,0
prod.cdn.dynamicyield.com.cdn.cloudflare.net,44,0,6,0,1,1,0,0,1,0,0
cdn-v3.conductrics.com,22,1,2,1,1,0,0,0,1,0,0
prod.cdn.dynamicyield.com.cdn.cloudflare.net,44,0,6,0,1,1,0,0,1,0,0
nbcume.sc.omtrdc.net,20,0,3,0,0,1,0,0,0,0,0
nbcume.sc.omtrdc.net,20,0,3,0,0,1,0,0,0,0,0
nbcume.sc.omtrdc.net,20,0,3,0,0,1,0,0,0,0,0
nbcume.sc.omtrdc.net,20,0,3,0,0,1,0,0,0,0,0
nbcume.sc.omtrdc.net,20,0,3,0,0,1,0,0,0,0,0
srv-2018-12-10-22.config.parsely.com,36,10,3,4,1,0,0,0,0,0,0
srv-2018-12-10-22.config.parsely.com,36,10,3,4,1,0,0,0,0,0,0
srv-2018-12-10-22.config.parsely.com,36,10,3,4,1,0,0,0,0,0,0
srv-2018-12-10-22.config.parsely.com,36,10,3,4,1,0,0,0,0,0,0
ocsp.sca1b.amazontrust.com,26,1,3,0,1,0,0,0,0,0,0
ocsp.sca1b.amazontrust.com,26,1,3,0,1,0,0,0,0,0,0
ocsp.sca1b.amazontrust.com,26,1,3,0,1,0,0,0,0,0,0
st.dynamicyield.com,19,0,2,0,1,0,0,0,0,0,0
st.dynamicyield.com,19,0,2,0,1,0,0,0,0,0,0
ak.sail-horizon.com,19,0,2,1,1,0,0,0,0,0,0
cdn-gl.imrworldwide.com,23,0,2,1,1,0,0,0,1,0,0
d1o1v4alhgrqng.cloudfront.net,29,3,2,0,0,1,0,0,0,0,0
d1o1v4alhgrqng.cloudfront.net,29,3,2,0,0,1,0,0,0,0,0
ak.sail-horizon.com,19,0,2,1,1,0,0,0,0,0,0
e5508.g.akamaiedge.net,22,4,3,0,0,1,0,0,0,0,0
e5508.g.akamaiedge.net,22,4,3,0,0,1,0,0,0,0,0
st.dynamicyield.com.cdn.cloudflare.net,38,0,5,0,1,1,0,0,1,0,0
st.dynamicyield.com.cdn.cloudflare.net,38,0,5,0,1,1,0,0,1,0,0
st.dynamicyield.com.cdn.cloudflare.net,38,0,5,0,1,1,0,0,1,0,0
www.googletagmanager.com,24,0,2,0,1,0,0,0,0,0,0
www-googletagmanager.l.google.com,33,0,3,1,1,0,0,0,0,0,0
www-googletagmanager.l.google.com,33,0,3,1,1,0,0,0,0,0,0
connect.facebook.net,20,0,2,0,0,1,0,0,0,0,0
scontent.xx.fbcdn.net,21,0,3,0,0,1,0,0,1,0,0
sb.scorecardresearch.com,24,0,2,0,1,0,0,0,0,0,0
e1879.e7.akamaiedge.net,23,5,3,0,0,1,0,0,0,0,0
e1879.e7.akamaiedge.net,23,5,3,0,0,1,0,0,0,0,0
scontent.xx.fbcdn.net,21,0,3,0,0,1,0,0,1,0,0
scontent.xx.fbcdn.net,21,0,3,0,0,1,0,0,1,0,0
scontent.xx.fbcdn.net,21,0,3,0,0,1,0,0,1,0,0
media1.s-nbcnews.com,20,1,2,1,1,0,0,0,0,0,0
media1.s-nbcnews.com,20,1,2,1,1,0,0,0,0,0,0
e2589.dscx.akamaiedge.net,25,4,3,0,0,1,0,0,0,0,0
cdn.taboola.com,15,0,2,0,1,0,0,0,1,0,0
e2589.dscx.akamaiedge.net,25,4,3,0,0,1,0,0,0,0,0
f2.taboola.map.fastly.net,25,1,4,0,0,1,0,0,0,0,0
f2.taboola.map.fastly.net,25,1,4,0,0,1,0,0,0,0,0
e2589.dscx.akamaiedge.net,25,4,3,0,0,1,0,0,0,0,0
static.vilynx.com,17,0,2,0,1,0,0,0,0,0,0
static.vilynx.com,17,0,2,0,1,0,0,0,0,0,0
d32nvna75m1q01.cloudfront.net,29,7,2,0,0,1,0,0,0,0,0
d32nvna75m1q01.cloudfront.net,29,7,2,0,0,1,0,0,0,0,0
media2.s-nbcnews.com,20,1,2,1,1,0,0,0,0,0,0
d32nvna75m1q01.cloudfront.net,29,7,2,0,0,1,0,0,0,0,0
media2.s-nbcnews.com,20,1,2,1,1,0,0,0,0,0,0
nbcu.demdex.net,15,0,2,0,0,1,0,0,0,0,0
nbcu.demdex.net,15,0,2,0,0,1,0,0,0,0,0
dcs-edge-va6-802167536.us-east-1.elb.amazonaws.com,50,11,4,5,1,0,0,0,0,0,0
foxnews.com,11,0,1,0,1,0,0,0,0,0,1
foxnews.com,11,0,1,0,1,0,0,0,0,0,1
cdn-gl.imrworldwide.com,23,0,2,1,1,0,0,0,1,0,0
foxnews.com,11,0,1,0,1,0,0,0,0,0,1
foxnews.com,11,0,1,0,1,0,0,0,0,0,1
cdn-gl.imrworldwide.com,23,0,2,1,1,0,0,0,1,0,0
foxnews.com,11,0,1,0,1,0,0,0,0,0,1
d1o1v4alhgrqng.cloudfront.net,29,3,2,0,0,1,0,0,0,0,0
d1o1v4alhgrqng.cloudfront.net,29,3,2,0,0,1,0,0,0,0,0
www.foxnews.com,15,0,2,0,1,0,0,0,0,0,0
e4900.dsca.akamaiedge.net,25,4,3,0,0,1,0,0,0,0,0
d1o1v4alhgrqng.cloudfront.net,29,3,2,0,0,1,0,0,0,0,0
e4900.dsca.akamaiedge.net,25,4,3,0,0,1,0,0,0,0,0
e4900.dsca.akamaiedge.net,25,4,3,0,0,1,0,0,0,0,0
Jupiter.arl.army.mil,20,0,3,0,0,0,0,0,0,0,0
beacon.krxd.net,15,0,2,0,0,1,0,0,0,0,0
beacon-17-537698933.us-east-1.elb.amazonaws.com,47,12,4,4,1,0,0,0,0,0,0
mab.chartbeat.com,17,0,2,0,1,0,0,0,0,0,0
beacon-17-537698933.us-east-1.elb.amazonaws.com,47,12,4,4,1,0,0,0,0,0,0
dualstack.f6.shared.global.fastly.net,37,1,5,0,0,1,0,0,0,0,0
dualstack.f6.shared.global.fastly.net,37,1,5,0,0,1,0,0,0,0,0
static.foxnews.com,18,0,2,0,1,0,0,0,0,0,0
dualstack.f6.shared.global.fastly.net,37,1,5,0,0,1,0,0,0,0,0
fonts.googleapis.com,20,0,2,0,1,0,0,0,0,0,0
googleadapis.l.google.com,25,0,3,0,1,0,0,0,0,0,0
static.foxnews.com,18,0,2,0,1,0,0,0,0,0,0
googleadapis.l.google.com,25,0,3,0,1,0,0,0,0,0,0
e8979.dsce12.akamaiedge.net,27,6,3,0,0,1,0,0,0,0,0
global.fncstatic.com,20,0,2,0,1,0,0,0,0,0,0
e8979.dsce12.akamaiedge.net,27,6,3,0,0,1,0,0,0,0,0
global.fncstatic.com,20,0,2,0,1,0,0,0,0,0,0
e8979.dsce12.akamaiedge.net,27,6,3,0,0,1,0,0,0,0,0
a57.foxnews.com,15,2,2,0,1,0,0,0,0,0,0
e8979.dscg.akamaiedge.net,25,4,3,0,0,1,0,0,0,0,0
e8979.dscg.akamaiedge.net,25,4,3,0,0,1,0,0,0,0,0
a57.foxnews.com,15,2,2,0,1,0,0,0,0,0,0
e8979.dscg.akamaiedge.net,25,4,3,0,0,1,0,0,0,0,0
e8979.g.akamaiedge.net,22,4,3,0,0,1,0,0,0,0,0
e8979.g.akamaiedge.net,22,4,3,0,0,1,0,0,0,0,0
e8979.g.akamaiedge.net,22,4,3,0,0,1,0,0,0,0,0
static.foxnews.com,18,0,2,0,1,0,0,0,0,0,0
static.foxnews.com,18,0,2,0,1,0,0,0,0,0,0
e8979.dsce12.akamaiedge.net,27,6,3,0,0,1,0,0,0,0,0
cdn.segment.com,15,0,2,0,1,0,0,0,1,0,0
d296je7bbdd650.cloudfront.net,29,7,2,0,0,1,0,0,0,0,0
d296je7bbdd650.cloudfront.net,29,7,2,0,0,1,0,0,0,0,0
cdn.optimizely.com,18,0,2,0,1,0,0,0,1,0,0
cdn.optimizely.com,18,0,2,0,1,0,0,0,1,0,0
cdn.optimizely.com,18,0,2,0,1,0,0,0,1,0,0
d296je7bbdd650.cloudfront.net,29,7,2,0,0,1,0,0,0,0,0
cdn.optimizely.com,18,0,2,0,1,0,0,0,1,0,0
static.chartbeat.com,20,0,2,0,1,0,0,0,0,0,0
d296je7bbdd650.cloudfront.net,29,7,2,0,0,1,0,0,0,0,0
static.chartbeat.com,20,0,2,0,1,0,0,0,0,0,0
player.h-cdn.com,16,0,2,1,1,0,0,0,1,0,0
cds.x9z8x5x9.hwcdn.net,22,4,3,0,0,1,0,0,1,0,0
cds.x9z8x5x9.hwcdn.net,22,4,3,0,0,1,0,0,1,0,0
d3f7zc5bbfci5.cloudfront.net,28,4,2,0,0,1,0,0,0,0,0
cds.x9z8x5x9.hwcdn.net,22,4,3,0,0,1,0,0,1,0,0
ocsp.comodoca.com,17,0,2,0,1,0,0,0,0,0,0
a652.dscb.akamai.net,20,3,3,0,0,1,0,0,0,0,0
d3f7zc5bbfci5.cloudfront.net,28,4,2,0,0,1,0,0,0,0,0
a652.dscb.akamai.net,20,3,3,0,0,1,0,0,0,0,0
d3f7zc5bbfci5.cloudfront.net,28,4,2,0,0,1,0,0,0,0,0
a652.dscb.akamai.net,20,3,3,0,0,1,0,0,0,0,0
fonts.gstatic.com,17,0,2,0,1,0,0,0,0,0,0
gstaticadssl.l.google.com,25,0,3,0,1,0,0,0,0,1,0
gstaticadssl.l.google.com,25,0,3,0,1,0,0,0,0,1,0
reddit.com,10,0,1,0,1,0,0,0,0,0,1
reddit.com,10,0,1,0,1,0,0,0,0,0,1
reddit.com,10,0,1,0,1,0,0,0,0,0,1
reddit.com,10,0,1,0,1,0,0,0,0,0,1
api.segment.io,14,0,2,0,0,0,0,0,0,0,0
api.segment.io,14,0,2,0,0,0,0,0,0,0,0
api.segment.io,14,0,2,0,0,0,0,0,0,0,0
api.segment.io,14,0,2,0,0,0,0,0,0,0,0
cdn.krxd.net,12,0,2,0,0,1,0,0,1,0,0
cdn-fastly.krxd.net.c.global-ssl.fastly.net,43,0,6,2,0,1,0,0,1,0,0
sb.scorecardresearch.com,24,0,2,0,1,0,0,0,0,0,0
cdn-fastly.krxd.net.c.global-ssl.fastly.net,43,0,6,2,0,1,0,0,1,0,0
e1879.e7.akamaiedge.net,23,5,3,0,0,1,0,0,0,0,0
e1879.e7.akamaiedge.net,23,5,3,0,0,1,0,0,0,0,0
cdn-fastly.krxd.net.c.global-ssl.fastly.net,43,0,6,2,0,1,0,0,1,0,0
a5763640713.cdn.optimizely.com,30,10,3,0,1,0,0,0,1,0,0
www.reddit.com,14,0,2,0,1,0,0,0,0,0,0
a5763640713.cdn.optimizely.com,30,10,3,0,1,0,0,0,1,0,0
www.reddit.com,14,0,2,0,1,0,0,0,0,0,0
e4343.g.akamaiedge.net,22,4,3,0,0,1,0,0,0,0,0
e4343.g.akamaiedge.net,22,4,3,0,0,1,0,0,0,0,0
dpm.demdex.net,14,0,2,0,0,1,0,0,0,0,0
dcs-edge-va6-802167536.us-east-1.elb.amazonaws.com,50,11,4,5,1,0,0,0,0,0,0
dcs-edge-va6-802167536.us-east-1.elb.amazonaws.com,50,11,4,5,1,0,0,0,0,0,0
reddit.map.fastly.net,21,0,3,0,0,1,0,0,0,0,0
reddit.map.fastly.net,21,0,3,0,0,1,0,0,0,0,0
reddit.map.fastly.net,21,0,3,0,0,1,0,0,0,0,0
foxnews.demdex.net,18,0,2,0,0,1,0,0,0,0,0
cm.everesttech.net,18,0,2,0,0,1,0,0,0,0,0
cm.everesttech.net.akadns.net,29,0,4,0,0,1,0,0,0,0,0
cm.everesttech.net.akadns.net,29,0,4,0,0,1,0,0,0,0,0
smetrics.foxnews.com,20,0,2,0,1,0,0,0,0,0,0
smetrics.foxnews.com,20,0,2,0,1,0,0,0,0,0,0
foxnews.com.ssl.d1.sc.omtrdc.net,32,1,6,0,1,1,0,0,0,0,0
foxnews.com.ssl.d1.sc.omtrdc.net,32,1,6,0,1,1,0,0,0,0,0
foxnews.com.ssl.d1.sc.omtrdc.net,32,1,6,0,1,1,0,0,0,0,0
cdn3.optimizely.com,19,1,2,0,1,0,0,0,1,0,0
cdn3.optimizely.com,19,1,2,0,1,0,0,0,1,0,0
cdn3.optimizely.com,19,1,2,0,1,0,0,0,1,0,0
e6640.g.akamaiedge.net,22,4,3,0,0,1,0,0,0,0,0
e6640.g.akamaiedge.net,22,4,3,0,0,1,0,0,0,0,0
e6640.g.akamaiedge.net,22,4,3,0,0,1,0,0,0,0,0
aa.agkn.com,11,0,2,0,1,0,0,0,0,0,0
aa.agkn.com,11,0,2,0,1,0,0,0,0,0,0
aa.agkn.com,11,0,2,0,1,0,0,0,0,0,0
styles.redditmedia.com,22,0,2,0,1,0,0,0,0,0,0
www.redditstatic.com,20,0,2,0,1,0,0,0,0,0,0
preview.redd.it,15,0,2,0,0,0,0,0,0,0,0
a.thumbs.redditmedia.com,24,0,3,0,1,0,0,0,0,0,0
external-preview.redd.it,24,0,2,1,0,0,0,0,0,0,0
reddit.map.fastly.net,21,0,3,0,0,1,0,0,0,0,0
b.thumbs.redditmedia.com,24,0,3,0,1,0,0,0,0,0,0
i.redd.it,9,0,2,0,0,0,0,0,0,0,0
i.redd.it,9,0,2,0,0,0,0,0,0,0,0
sb.scorecardresearch.com,24,0,2,0,1,0,0,0,0,0,0
e1879.e7.akamaiedge.net,23,5,3,0,0,1,0,0,0,0,0
e1879.e7.akamaiedge.net,23,5,3,0,0,1,0,0,0,0,0
reddit.map.fastly.net,21,0,3,0,0,1,0,0,0,0,0
www.googletagservices.com,25,0,2,0,1,0,0,0,0,0,0
c.amazon-adsystem.com,21,0,2,1,1,0,0,0,0,1,0
pagead46.l.doubleclick.net,26,2,3,0,0,1,0,0,0,0,0
c.aaxads.com,12,0,2,0,1,0,0,0,0,1,0
d1ykf07e75w7ss.cloudfront.net,29,6,2,0,0,1,0,0,0,0,0
d1ykf07e75w7ss.cloudfront.net,29,6,2,0,0,1,0,0,0,0,0
e12767.d.akamaiedge.net,23,5,3,0,0,1,0,0,0,0,0
e12767.d.akamaiedge.net,23,5,3,0,0,1,0,0,0,0,0
Jupiter.arl.army.mil,20,0,3,0,0,0,0,0,0,0,0
www.redditmedia.com,19,0,2,0,1,0,0,0,0,0,0
www.redditmedia.com,19,0,2,0,1,0,0,0,0,0,0
reddit.map.fastly.net,21,0,3,0,0,1,0,0,0,0,0
reddit.map.fastly.net,21,0,3,0,0,1,0,0,0,0,0
www.reddit.com,14,0,2,0,1,0,0,0,0,0,1
www.redditstatic.com,20,0,2,0,1,0,0,0,0,0,1
nike.com,8,0,1,0,1,0,0,0,0,0,1
nike.com,8,0,1,0,1,0,0,0,0,0,1
nike.com,8,0,1,0,1,0,0,0,0,0,1
nike.com,8,0,1,0,1,0,0,0,0,0,1
nike.com,8,0,1,0,1,0,0,0,0,0,1
www.nike.com,12,0,2,0,1,0,0,0,0,0,0
www.nike.com,12,0,2,0,1,0,0,0,0,0,0
e2785.x.akamaiedge.net,22,4,3,0,0,1,0,0,0,0,0
e2785.x.akamaiedge.net,22,4,3,0,0,1,0,0,0,0,0
e2785.x.akamaiedge.net,22,4,3,0,0,1,0,0,0,0,0
store.nike.com,14,0,2,0,1,0,0,0,0,0,0
secure-store.nike.com,21,0,2,1,1,0,0,0,0,0,0
secure-store.nike.com,21,0,2,1,1,0,0,0,0,0,0
store.nike.com,14,0,2,0,1,0,0,0,0,0,0
content.nike.com,16,0,2,0,1,0,0,0,0,0,0
assets.commerce.nikecloud.com,29,0,3,0,1,0,0,0,0,0,0
content.nike.com,16,0,2,0,1,0,0,0,0,0,0
assets.commerce.nikecloud.com,29,0,3,0,1,0,0,0,0,0,0
s3.nikecdn.com,14,1,2,0,1,0,0,0,1,0,0
s3.nikecdn.com,14,1,2,0,1,0,0,0,1,0,0
content.nike.com,16,0,2,0,1,0,0,0,0,0,0
e2698.x.akamaiedge.net,22,4,3,0,0,1,0,0,0,0,0
e2698.x.akamaiedge.net,22,4,3,0,0,1,0,0,0,0,0
e2698.x.akamaiedge.net,22,4,3,0,0,1,0,0,0,0,0
d3nk4t36p8js11.cloudfront.net,29,7,2,0,0,1,0,0,0,0,0
d3nk4t36p8js11.cloudfront.net,29,7,2,0,0,1,0,0,0,0,0
s3.nikecdn.com,14,1,2,0,1,0,0,0,1,0,0
e11401.x.akamaiedge.net,23,5,3,0,0,1,0,0,0,0,0
e11401.x.akamaiedge.net,23,5,3,0,0,1,0,0,0,0,0
d3nk4t36p8js11.cloudfront.net,29,7,2,0,0,1,0,0,0,0,0
e11401.x.akamaiedge.net,23,5,3,0,0,1,0,0,0,0,0
ak1s.abmr.net,13,1,2,0,0,1,0,0,0,0,0
ak1s.abmr.net,13,1,2,0,0,1,0,0,0,0,0
e2181.b.akamaiedge.net,22,4,3,0,0,1,0,0,0,0,0
e2181.b.akamaiedge.net,22,4,3,0,0,1,0,0,0,0,0
e2181.b.akamaiedge.net,22,4,3,0,0,1,0,0,0,0,0
web.nike.com,12,0,2,0,1,0,0,0,0,0,0
web.nike.com,12,0,2,0,1,0,0,0,0,0,0
e2785.x.akamaiedge.net,22,4,3,0,0,1,0,0,0,0,0
unite.nike.com,14,0,2,0,1,0,0,0,0,0,0
unite.nike.com,14,0,2,0,1,0,0,0,0,0,0
e2698.a.akamaiedge.net,22,4,3,0,0,1,0,0,0,0,0
e2698.a.akamaiedge.net,22,4,3,0,0,1,0,0,0,0,0
e2698.a.akamaiedge.net,22,4,3,0,0,1,0,0,0,0,0
connect.facebook.net,20,0,2,0,0,1,0,0,0,0,0
scontent.xx.fbcdn.net,21,0,3,0,0,1,0,0,1,0,0
www.adidas.de,13,0,2,0,0,0,0,0,0,0,0
www.adidas.de,13,0,2,0,0,0,0,0,0,0,0
e2828.a.akamaiedge.net,22,4,3,0,0,1,0,0,0,0,0
e2828.a.akamaiedge.net,22,4,3,0,0,1,0,0,0,0,0
e2828.a.akamaiedge.net,22,4,3,0,0,1,0,0,0,0,0
staticxx.facebook.com,21,0,2,0,1,0,0,0,0,0,0
a107098409.cdn.optimizely.com,29,9,3,0,1,0,0,0,1,0,0
assets.adidas.de,16,0,2,0,0,0,0,0,0,0,0
a107098409.cdn.optimizely.com,29,9,3,0,1,0,0,0,1,0,0
assets.adidas.de,16,0,2,0,0,0,0,0,0,0,0
e4343.g.akamaiedge.net,22,4,3,0,0,1,0,0,0,0,0
e4343.g.akamaiedge.net,22,4,3,0,0,1,0,0,0,0,0
e4531.dsca.akamaiedge.net,25,4,3,0,0,1,0,0,0,0,0
e4531.dsca.akamaiedge.net,25,4,3,0,0,1,0,0,0,0,0
e4531.dsca.akamaiedge.net,25,4,3,0,0,1,0,0,0,0,0
images.adidas.de,16,0,2,0,0,0,0,0,0,0,0
images.adidas.de,16,0,2,0,0,0,0,0,0,0,0
eum.instana.io,14,0,2,0,0,0,0,0,0,0,0
eum.instana.io,14,0,2,0,0,0,0,0,0,0,0
eum.instana.io,14,0,2,0,0,0,0,0,0,0,0
eum-us-west-2.instana.io,24,1,2,3,0,0,0,0,0,0,0
eum-us-west-2.instana.io,24,1,2,3,0,0,0,0,0,0,0
e2828.a.akamaiedge.net,22,4,3,0,0,1,0,0,0,0,0
instagram.com,13,0,1,0,1,0,0,0,0,0,1
instagram.com,13,0,1,0,1,0,0,0,0,0,1
instagram.com,13,0,1,0,1,0,0,0,0,0,1
instagram.com,13,0,1,0,1,0,0,0,0,0,1
instagram.com,13,0,1,0,1,0,0,0,0,0,1
eum-eu-west-1.instana.io,24,1,2,3,0,0,0,0,0,0,0
eum-eu-west-1.instana.io,24,1,2,3,0,0,0,0,0,0,0
eum-eu-west-1.instana.io,24,1,2,3,0,0,0,0,0,0,0
eum-eu-west-1.instana.io,24,1,2,3,0,0,0,0,0,0,0
www.instagram.com,17,0,2,0,1,0,0,0,0,0,0
www.instagram.com,17,0,2,0,1,0,0,0,0,0,0
z-p42-instagram.c10r.facebook.com,33,4,3,2,1,0,0,0,0,0,0
z-p42-instagram.c10r.facebook.com,33,4,3,2,1,0,0,0,0,0,0
z-p42-instagram.c10r.facebook.com,33,4,3,2,1,0,0,0,0,0,0
Jupiter.arl.army.mil,20,0,3,0,0,0,0,0,0,0,0
graph.instagram.com,19,0,2,0,1,0,0,0,0,0,0
instagram.c10r.facebook.com,27,2,3,0,1,0,0,0,0,0,0
instagram.c10r.facebook.com,27,2,3,0,1,0,0,0,0,0,0
instagram.c10r.facebook.com,27,2,3,0,1,0,0,0,0,0,0
scontent.xx.fbcdn.net,21,0,3,0,0,1,0,0,1,0,0
scontent.xx.fbcdn.net,21,0,3,0,0,1,0,0,1,0,0
staticxx.facebook.com,21,0,2,0,1,0,0,0,0,0,0
staticxx.facebook.com,21,0,2,0,1,0,0,0,0,0,0
scontent.xx.fbcdn.net,21,0,3,0,0,1,0,0,1,0,0
www.facebook.com,16,0,2,0,1,0,0,0,0,0,0
star-mini.c10r.facebook.com,27,2,3,1,1,0,0,0,0,0,0
star-mini.c10r.facebook.com,27,2,3,1,1,0,0,0,0,0,0
netflix.com,11,0,1,0,1,0,0,0,0,0,1
netflix.com,11,0,1,0,1,0,0,0,0,0,1
netflix.com,11,0,1,0,1,0,0,0,0,0,1
netflix.com,11,0,1,0,1,0,0,0,0,0,1
netflix.com,11,0,1,0,1,0,0,0,0,0,1
www.netflix.com,15,0,2,0,1,1,0,0,0,0,0
www.us-west-2.prodaa.netflix.com,32,1,4,2,1,1,0,0,0,0,0
www.us-west-2.prodaa.netflix.com,32,1,4,2,1,1,0,0,0,0,0
graph.instagram.com,19,0,2,0,1,0,0,0,0,0,0
graph.instagram.com,19,0,2,0,1,0,0,0,0,0,0
codex.nflxext.com,17,0,2,0,1,0,0,0,0,0,0
assets.nflxext.com,18,0,2,0,1,0,0,0,0,0,0
graph.instagram.com,19,0,2,0,1,0,0,0,0,0,0
codex.nflxext.com,17,0,2,0,1,0,0,0,0,0,0
assets.nflxext.com,18,0,2,0,1,0,0,0,0,0,0
graph.instagram.com,19,0,2,0,1,0,0,0,0,0,0
instagram.c10r.facebook.com,27,2,3,0,1,0,0,0,0,0,0
e13252.dscg.akamaiedge.net,26,5,3,0,0,1,0,0,0,0,0
e13252.dscg.akamaiedge.net,26,5,3,0,0,1,0,0,0,0,0
instagram.c10r.facebook.com,27,2,3,0,1,0,0,0,0,0,0
e13252.dscg.akamaiedge.net,26,5,3,0,0,1,0,0,0,0,0
ae.nflximg.net,14,0,2,0,0,1,0,0,0,0,0
ichnaea-web.netflix.com,23,0,2,1,1,1,0,0,0,0,0
ichnaea-web.us-east-1.prodaa.netflix.com,40,1,4,3,1,1,0,0,0,0,0
ichnaea-web.us-east-1.prodaa.netflix.com,40,1,4,3,1,1,0,0,0,0,0
www.googleadservices.com,24,0,2,0,1,0,0,0,0,1,0
pagead.l.doubleclick.net,24,0,3,0,0,1,0,0,0,0,0
pagead.l.doubleclick.net,24,0,3,0,0,1,0,0,0,0,0
ichnaea-web.us-east-1.prodaa.netflix.com,40,1,4,3,1,1,0,0,0,0,0
googleads.g.doubleclick.net,27,0,3,0,0,1,0,0,0,1,0
pagead46.l.doubleclick.net,26,2,3,0,0,1,0,0,0,0,0
4954221.fls.doubleclick.net,27,7,3,0,0,1,0,0,0,0,0
dart.l.doubleclick.net,22,0,3,0,0,1,0,0,0,0,0
4968236.fls.doubleclick.net,27,7,3,0,0,1,0,0,0,0,0
dart.l.doubleclick.net,22,0,3,0,0,1,0,0,0,0,0
adservice.google.com,20,0,2,0,1,0,0,0,0,1,0
cx.atdmt.com,12,0,2,0,1,0,0,0,0,0,0
cx.atdmt.com,12,0,2,0,1,0,0,0,0,0,0
atlas.c10r.facebook.com,23,2,3,0,1,0,0,0,0,0,0
atlas.c10r.facebook.com,23,2,3,0,1,0,0,0,0,0,0
microsoft.com,13,0,1,0,1,0,0,0,0,0,1
microsoft.com,13,0,1,0,1,0,0,0,0,0,1
microsoft.com,13,0,1,0,1,0,0,0,0,0,1
microsoft.com,13,0,1,0,1,0,0,0,0,0,1
microsoft.com,13,0,1,0,1,0,0,0,0,0,1
www.microsoft.com,17,0,2,0,1,0,0,0,0,0,0
e13678.dspb.akamaiedge.net,26,5,3,0,0,1,0,0,0,0,0
e13678.dspb.akamaiedge.net,26,5,3,0,0,1,0,0,0,0,0
e13678.dspb.akamaiedge.net,26,5,3,0,0,1,0,0,0,0,0
assets.onestore.ms,18,0,2,0,0,0,0,0,0,0,0
web.vortex.data.microsoft.com,29,0,4,0,1,0,0,0,0,0,0
mem.gfx.ms,10,0,2,0,0,0,0,0,0,0,0
cy2.vortex.data.microsoft.com.akadns.net,40,1,6,0,1,1,0,0,0,0,0
cy2.vortex.data.microsoft.com.akadns.net,40,1,6,0,1,1,0,0,0,0,0
img-prod-cms-rt-microsoft-com.akamaized.net,43,0,2,5,0,1,0,0,0,0,0
microsoftwindows.112.2o7.net,28,5,3,0,0,1,0,0,0,0,0
microsoftwindows.112.2o7.net,28,5,3,0,0,1,0,0,0,0,0
assets.onestore.ms,18,0,2,0,0,0,0,0,0,0,0
microsoftwindows.112.2o7.net,28,5,3,0,0,1,0,0,0,0,0
mem.gfx.ms,10,0,2,0,0,0,0,0,0,0,0
cy2.vortex.data.microsoft.com.akadns.net,40,1,6,0,1,1,0,0,0,0,0
img-prod-cms-rt-microsoft-com.akamaized.net,43,0,2,5,0,1,0,0,0,0,0
e10583.dspg.akamaiedge.net,26,5,3,0,0,1,0,0,0,0,0
e10583.dspg.akamaiedge.net,26,5,3,0,0,1,0,0,0,0,0
microsoftwindows.112.2o7.net,28,5,3,0,0,1,0,0,0,0,0
e55.dspb.akamaiedge.net,23,2,3,0,0,1,0,0,0,0,0
e10583.dspg.akamaiedge.net,26,5,3,0,0,1,0,0,0,0,0
a1449.dscg2.akamai.net,22,5,3,0,0,1,0,0,0,0,0
e55.dspb.akamaiedge.net,23,2,3,0,0,1,0,0,0,0,0
a1449.dscg2.akamai.net,22,5,3,0,0,1,0,0,0,0,0
e55.dspb.akamaiedge.net,23,2,3,0,0,1,0,0,0,0,0
a1449.dscg2.akamai.net,22,5,3,0,0,1,0,0,0,0,0
c.s-microsoft.com,17,0,2,1,1,0,0,0,0,0,0
c.s-microsoft.com,17,0,2,1,1,0,0,0,0,0,0
e13678.dscg.akamaiedge.net,26,5,3,0,0,1,0,0,0,0,0
e13678.dscg.akamaiedge.net,26,5,3,0,0,1,0,0,0,0,0
e13678.dscg.akamaiedge.net,26,5,3,0,0,1,0,0,0,0,0
login.live.com,14,0,2,0,1,0,0,0,0,0,0
vs.login.msa.akadns6.net,24,1,4,0,0,1,0,0,0,0,0
vs.login.msa.akadns6.net,24,1,4,0,0,1,0,0,0,0,0
vs.login.msa.akadns6.net,24,1,4,0,0,1,0,0,0,0,0
www.microsoft.com,17,0,2,0,1,0,0,0,0,0,0
uhf.microsoft.com,17,0,2,0,1,0,0,0,0,0,0
e11095.dspg.akamaiedge.net,26,5,3,0,0,1,0,0,0,0,0
e11095.dspg.akamaiedge.net,26,5,3,0,0,1,0,0,0,0,0
www.microsoft.com,17,0,2,0,1,0,0,0,0,0,0
e11095.dspg.akamaiedge.net,26,5,3,0,0,1,0,0,0,0,0
e13678.dspb.akamaiedge.net,26,5,3,0,0,1,0,0,0,0,0
c1.microsoft.com,16,1,2,0,1,0,0,0,0,0,0
c.msn.com.nsatc.net,19,0,4,0,1,1,0,0,0,0,0
c.msn.com.nsatc.net,19,0,4,0,1,1,0,0,0,0,0
c.msn.com.nsatc.net,19,0,4,0,1,1,0,0,0,0,0
cdnssl.clicktale.net,20,0,2,0,0,1,0,0,1,0,0
cdnssl.clicktale.net,20,0,2,0,0,1,0,0,1,0,0
e11696.dscg.akamaiedge.net,26,5,3,0,0,1,0,0,0,0,0
e11696.dscg.akamaiedge.net,26,5,3,0,0,1,0,0,0,0,0
e11696.dscg.akamaiedge.net,26,5,3,0,0,1,0,0,0,0,0
c.go-mpulse.net,15,0,2,1,0,1,0,0,0,0,0
e4518.x.akamaiedge.net,22,4,3,0,0,1,0,0,0,0,0
e4518.x.akamaiedge.net,22,4,3,0,0,1,0,0,0,0,0
c.bing.com,10,0,2,0,1,0,0,0,0,0,0
a-0001.a-msedge.net,19,4,2,2,0,1,0,0,0,0,0
a-0001.a-msedge.net,19,4,2,2,0,1,0,0,0,0,0
dpm.demdex.net,14,0,2,0,0,1,0,0,0,0,0
dcs-edge-va6-802167536.us-east-1.elb.amazonaws.com,50,11,4,5,1,0,0,0,0,0,0
dcs-edge-va6-802167536.us-east-1.elb.amazonaws.com,50,11,4,5,1,0,0,0,0,0,0
mscom.demdex.net,16,0,2,0,0,1,0,0,0,0,0
sync.mathtag.com,16,0,2,0,1,0,0,0,0,0,0
pixel-origin.mathtag.com,24,0,2,1,1,0,0,0,0,0,0
pixel-origin.mathtag.com,24,0,2,1,1,0,0,0,0,0,0
auth.gfx.ms,11,0,2,0,0,0,0,0,0,0,0
auth.gfx.ms,11,0,2,0,0,0,0,0,0,0,0
e13551.dscg.akamaiedge.net,26,5,3,0,0,1,0,0,0,0,0
e13551.dscg.akamaiedge.net,26,5,3,0,0,1,0,0,0,0,0
e13551.dscg.akamaiedge.net,26,5,3,0,0,1,0,0,0,0,0
ocsp.msocsp.com,15,0,2,0,1,0,0,0,0,0,0
ocsp.globalsign.cloud,21,0,2,0,0,0,0,0,0,0,0
ocsp.globalsign.cloud,21,0,2,0,0,0,0,0,0,0,0
su.addthis.com,14,0,2,0,1,0,0,0,0,0,0
e3615.a.akamaiedge.net,22,4,3,0,0,1,0,0,0,0,0
e3615.a.akamaiedge.net,22,4,3,0,0,1,0,0,0,0,0
ocsp.globalsign.cloud,21,0,2,0,0,0,0,0,0,0,0
Jupiter.arl.army.mil,20,0,3,0,0,0,0,0,0,0,0
36f1f08e.akstat.io,18,5,2,0,0,0,0,0,0,0,0
ing-district.clicktale.net,26,0,2,1,0,1,0,0,0,0,0
ing-district.clicktale.net,26,0,2,1,0,1,0,0,0,0,0
nv-p1-elb-district-wrlin-01-2006273565.us-east-1.elb.amazonaws.com,66,14,4,8,1,0,0,0,0,0,0
nv-p1-elb-district-wrlin-01-2006273565.us-east-1.elb.amazonaws.com,66,14,4,8,1,0,0,0,0,0,0
nv-p1-elb-district-wrlin-01-2006273565.us-east-1.elb.amazonaws.com,66,14,4,8,1,0,0,0,0,0,0
idsync.rlcdn.com,16,0,2,0,1,0,0,0,1,0,0
idsync-ext-weight-2.rlcdn.com,29,1,2,3,1,0,0,0,1,0,0
idsync-ext-weight-2.rlcdn.com,29,1,2,3,1,0,0,0,1,0,0
ocsp.godaddy.com,16,0,2,0,1,0,0,0,0,0,0
ocsp.godaddy.com.akadns.net,27,0,4,0,1,1,0,0,0,0,0
ocsp.godaddy.com.akadns.net,27,0,4,0,1,1,0,0,0,0,0
d.turn.com,10,0,2,0,1,0,0,0,0,0,0
d.turn.com.akadns.net,21,0,4,0,1,1,0,0,0,0,0
d.turn.com.akadns.net,21,0,4,0,1,1,0,0,0,0,0
conductor.clicktale.net,23,0,2,0,0,1,0,0,0,0,0
nv-p2-elb-ext-spray-01-308118214.us-east-1.elb.amazonaws.com,60,13,4,8,1,0,0,0,0,0,0
nv-p2-elb-ext-spray-01-308118214.us-east-1.elb.amazonaws.com,60,13,4,8,1,0,0,0,0,0,0
pixel.tapad.com,15,0,2,0,1,0,0,0,0,0,0
pixel.tapad.com,15,0,2,0,1,0,0,0,0,0,0
dp2.33across.com,16,3,2,0,1,0,0,0,0,0,0
pixel.tapad.com,15,0,2,0,1,0,0,0,0,0,0
nv-p2-elb-ext-spray-01-308118214.us-east-1.elb.amazonaws.com,60,13,4,8,1,0,0,0,0,0,0
cm.g.doubleclick.net,20,0,3,0,0,1,0,0,0,0,0
pagead.l.doubleclick.net,24,0,3,0,0,1,0,0,0,0,0
pixel.33across.com,18,2,2,0,1,0,0,0,0,0,0
pixel.33across.com,18,2,2,0,1,0,0,0,0,0,0
rtd.tubemogul.com,17,0,2,0,1,0,0,0,0,0,0
h2.shared.global.fastly.net,27,1,4,0,0,1,0,0,0,0,0
h2.shared.global.fastly.net,27,1,4,0,0,1,0,0,0,0,0
pixel.33across.com,18,2,2,0,1,0,0,0,0,0,0
bing.com,8,0,1,0,1,0,0,0,0,0,1
bing.com,8,0,1,0,1,0,0,0,0,0,1
bing.com,8,0,1,0,1,0,0,0,0,0,1
navdmp.com,10,0,1,0,1,0,0,0,0,0,0
navdmp.com,10,0,1,0,1,0,0,0,0,0,0
navdmp.com,10,0,1,0,1,0,0,0,0,0,0
bing.com,8,0,1,0,1,0,0,0,0,0,1
bing.com,8,0,1,0,1,0,0,0,0,0,1
idpix.media6degrees.com,23,1,2,0,1,0,0,0,0,0,0
map.media6degrees.com.cdn.cloudflare.net,40,1,5,0,1,1,0,0,1,0,0
map.media6degrees.com.cdn.cloudflare.net,40,1,5,0,1,1,0,0,1,0,0
cdn.navdmp.com,14,0,2,0,1,0,0,0,1,0,0
cdn.navdmp.com,14,0,2,0,1,0,0,0,1,0,0
cdn.navdmp.com,14,0,2,0,1,0,0,0,1,0,0
cdn.navdmp.com,14,0,2,0,1,0,0,0,1,0,0
analytics.twitter.com,21,0,2,0,1,0,0,0,0,0,0
s.twitter.com,13,0,2,0,1,0,0,0,0,0,0
s.twitter.com,13,0,2,0,1,0,0,0,0,0,0
www.bing.com,12,0,2,0,1,0,0,0,0,0,0
a-0001.a-msedge.net,19,4,2,2,0,1,0,0,0,0,0
a-0001.a-msedge.net,19,4,2,2,0,1,0,0,0,0,0
pixel.everesttech.net,21,0,2,0,0,1,0,0,0,0,0
tp00.everesttech.net.akadns.net,31,2,4,0,0,1,0,0,0,0,0
tp00.everesttech.net.akadns.net,31,2,4,0,0,1,0,0,0,0,0
tp00.everesttech.net.akadns.net,31,2,4,0,0,1,0,0,0,0,0
a-0001.a-msedge.net,19,4,2,2,0,1,0,0,0,0,0
a-0001.a-msedge.net,19,4,2,2,0,1,0,0,0,0,0
youtube.com,11,0,1,0,1,0,0,0,0,0,1
youtube.com,11,0,1,0,1,0,0,0,0,0,1
youtube.com,11,0,1,0,1,0,0,0,0,0,1
www.youtube.com,15,0,2,0,1,0,0,0,0,0,0
youtube-ui.l.google.com,23,0,3,1,1,0,0,0,0,0,0
youtube-ui.l.google.com,23,0,3,1,1,0,0,0,0,0,0
yt3.ggpht.com,13,1,2,0,1,0,0,0,0,0,0
fonts.googleapis.com,20,0,2,0,1,0,0,0,0,0,0
s.ytimg.com,11,0,2,0,1,0,0,0,0,0,0
googleadapis.l.google.com,25,0,3,0,1,0,0,0,0,0,0
photos-ugc.l.googleusercontent.com,34,0,3,1,1,0,0,0,0,0,0
ytstatic.l.google.com,21,0,3,0,1,0,0,0,0,0,0
photos-ugc.l.googleusercontent.com,34,0,3,1,1,0,0,0,0,0,0
googleadapis.l.google.com,25,0,3,0,1,0,0,0,0,0,0
ytstatic.l.google.com,21,0,3,0,1,0,0,0,0,0,0
i.ytimg.com,11,0,2,0,1,0,0,0,0,0,0
ytimg-edge-static.l.google.com,30,0,3,2,1,0,0,0,0,0,0
ytimg-edge-static.l.google.com,30,0,3,2,1,0,0,0,0,0,0
accounts.google.com,19,0,2,0,1,0,0,0,0,0,0
accounts.google.com,19,0,2,0,1,0,0,0,0,0,0
accounts.google.com,19,0,2,0,1,0,0,0,0,0,0
ocsp.pki.goog,13,0,2,0,0,0,0,0,0,0,0
www3.l.google.com,17,1,3,0,1,0,0,0,0,0,0
www3.l.google.com,17,1,3,0,1,0,0,0,0,0,0
www3.l.google.com,17,1,3,0,1,0,0,0,0,0,0
pubads.g.doubleclick.net,24,0,3,0,0,1,0,0,0,1,0
partnerad.l.doubleclick.net,27,0,3,0,0,1,0,0,0,0,0
partnerad.l.doubleclick.net,27,0,3,0,0,1,0,0,0,0,0
www.google.com,14,0,2,0,1,0,0,0,0,0,0
ytstatic.l.google.com,21,0,3,0,1,0,0,0,0,0,0
ytstatic.l.google.com,21,0,3,0,1,0,0,0,0,0,0
abs.twimg.com,13,0,2,0,1,0,0,0,0,0,0
cs45.wac.edgecastcdn.net,24,2,3,0,0,1,0,0,1,0,0
cs45.wac.edgecastcdn.net,24,2,3,0,0,1,0,0,1,0,0
analytics.twitter.com,21,0,2,0,1,0,0,0,0,0,0
s.twitter.com,13,0,2,0,1,0,0,0,0,0,0
s.twitter.com,13,0,2,0,1,0,0,0,0,0,0
syndication.twitter.com,23,0,2,0,1,0,0,0,0,0,0
syndication.twitter.com,23,0,2,0,1,0,0,0,0,0,0
syndication.twitter.com,23,0,2,0,1,0,0,0,0,0,0
www.google-analytics.com,24,0,2,1,1,0,0,0,0,0,0
www-google-analytics.l.google.com,33,0,3,2,1,0,0,0,0,0,0
syndication.twitter.com,23,0,2,0,1,0,0,0,0,0,0
Jupiter.arl.army.mil,20,0,3,0,0,0,0,0,0,0,0
linkedin.com,12,0,1,0,1,0,0,0,0,0,1
linkedin.com,12,0,1,0,1,0,0,0,0,0,1
linkedin.com,12,0,1,0,1,0,0,0,0,0,1
linkedin.com,12,0,1,0,1,0,0,0,0,0,1
twitter.com,11,0,1,0,1,0,0,0,0,0,1
static.licdn.com,16,0,2,0,1,0,0,0,1,0,0
static.licdn.com,16,0,2,0,1,0,0,0,1,0,0
cs627.wac.epsiloncdn.net,24,3,3,0,0,1,0,0,1,0,0
cs627.wac.epsiloncdn.net,24,3,3,0,0,1,0,0,1,0,0
cs627.wac.epsiloncdn.net,24,3,3,0,0,1,0,0,1,0,0
platform.linkedin.com,21,0,2,0,1,0,0,0,0,0,0
platform.linkedin.com,21,0,2,0,1,0,0,0,0,0,0
cs765.wac.epsiloncdn.net,24,3,3,0,0,1,0,0,1,0,0
cs765.wac.epsiloncdn.net,24,3,3,0,0,1,0,0,1,0,0
cs765.wac.epsiloncdn.net,24,3,3,0,0,1,0,0,1,0,0
www.linkedin.com,16,0,2,0,1,0,0,0,0,0,0
www.linkedin.com,16,0,2,0,1,0,0,0,0,0,0
sb.scorecardresearch.com,24,0,2,0,1,0,0,0,0,0,0
e1879.e7.akamaiedge.net,23,5,3,0,0,1,0,0,0,0,0
e1879.e7.akamaiedge.net,23,5,3,0,0,1,0,0,0,0,0
radar.cedexis.com,17,0,2,0,1,0,0,0,0,0,0
2-01-2a40-0017.cdx.cdxcn.net,28,10,3,3,0,1,0,0,0,0,0
2-01-2a40-0017.cdx.cdxcn.net,28,10,3,3,0,1,0,0,0,0,0
2-01-2a40-0017.cdx.cdxcn.net,28,10,3,3,0,1,0,0,0,0,0
stats.g.doubleclick.net,23,0,3,0,0,1,0,0,0,0,0
stats.l.doubleclick.net,23,0,3,0,0,1,0,0,0,0,0
i2-dftvnvbyzmrbtpxndascxfgklnuwww.init.cedexis-radar.net,56,1,3,2,0,1,0,0,0,0,0
i2-dftvnvbyzmrbtpxndascxfgklnuwww.init.cedexis-radar.net,56,1,3,2,0,1,0,0,0,0,0
i2-dftvnvbyzmrbtpxndascxfgklnuwww.init.cedexis-radar.net,56,1,3,2,0,1,0,0,0,0,0
i2-dftvnvbyzmrbtpxndascxfgklnuwww.init.cedexis-radar.net,56,1,3,2,0,1,0,0,0,0,0
i2-dftvnvbyzmrbtpxndascxfgklnuwww.init.cedexis-radar.net,56,1,3,2,0,1,0,0,0,0,0
ocsp.godaddy.com,16,0,2,0,1,0,0,0,0,0,0
ocsp.godaddy.com.akadns.net,27,0,4,0,1,1,0,0,0,0,0
ocsp.godaddy.com.akadns.net,27,0,4,0,1,1,0,0,0,0,0
ocsp.godaddy.com.akadns.net,27,0,4,0,1,1,0,0,0,0,0
rpt.cedexis.com,15,0,2,0,1,0,0,0,0,0,0
2-01-2a40-0015.cdx.cdxcn.net,28,10,3,3,0,1,0,0,0,0,0
2-01-2a40-0015.cdx.cdxcn.net,28,10,3,3,0,1,0,0,0,0,0
ebay.com,8,0,1,0,1,0,0,0,0,0,1
ebay.com,8,0,1,0,1,0,0,0,0,0,1
ebay.com,8,0,1,0,1,0,0,0,0,0,1
ebay.com,8,0,1,0,1,0,0,0,0,0,1
ebay.com,8,0,1,0,1,0,0,0,0,0,1
www.ebay.com,12,0,2,0,1,0,0,0,0,0,0
www.ebay.com,12,0,2,0,1,0,0,0,0,0,0
e9428.b.akamaiedge.net,22,4,3,0,0,1,0,0,0,0,0
e9428.b.akamaiedge.net,22,4,3,0,0,1,0,0,0,0,0
e9428.b.akamaiedge.net,22,4,3,0,0,1,0,0,0,0,0
ir.ebaystatic.com,17,0,2,0,1,0,0,0,0,0,0
i.ebayimg.com,13,0,2,0,1,0,0,0,0,0,0
ir.ebaystatic.com,17,0,2,0,1,0,0,0,0,0,0
i.ebayimg.com,13,0,2,0,1,0,0,0,0,0,0
e11847.g.akamaiedge.net,23,5,3,0,0,1,0,0,0,0,0
e11847.g.akamaiedge.net,23,5,3,0,0,1,0,0,0,0,0
e11847.g.akamaiedge.net,23,5,3,0,0,1,0,0,0,0,0
e9428.dscb.akamaiedge.net,25,4,3,0,0,1,0,0,0,0,0
rover.ebay.com,14,0,2,0,1,0,0,0,0,0,0
e9428.dscb.akamaiedge.net,25,4,3,0,0,1,0,0,0,0,0
e9428.dscb.akamaiedge.net,25,4,3,0,0,1,0,0,0,0,0
rover.g.ebay.com,16,0,3,0,1,0,0,0,0,0,0
e9428.dscb.akamaiedge.net,25,4,3,0,0,1,0,0,0,0,0
rover.g.ebay.com,16,0,3,0,1,0,0,0,0,0,0
rover.g.ebay.com,16,0,3,0,1,0,0,0,0,0,0
pages.ebay.com,14,0,2,0,1,0,0,0,0,0,0
pages.ebay.com,14,0,2,0,1,0,0,0,0,0,0
pages.g.ebay.com,16,0,3,0,1,0,0,0,0,0,0
pages.g.ebay.com,16,0,3,0,1,0,0,0,0,0,0
pages.g.ebay.com,16,0,3,0,1,0,0,0,0,0,0
svcs.ebay.com,13,0,2,0,1,0,0,0,0,0,0
svcs.ebay.com,13,0,2,0,1,0,0,0,0,0,0
svcs.g.ebay.com,15,0,3,0,1,0,0,0,0,0,0
svcs.g.ebay.com,15,0,3,0,1,0,0,0,0,0,0
svcs.g.ebay.com,15,0,3,0,1,0,0,0,0,0,0
